{
    "name": "root",
    "gauges": {
        "TetrisAgent.Policy.Entropy.mean": {
            "value": 0.3384688198566437,
            "min": 0.00023135253286454827,
            "max": 1.9459009170532227,
            "count": 1300
        },
        "TetrisAgent.Policy.Entropy.sum": {
            "value": 362.83856201171875,
            "min": 0.004164345562458038,
            "max": 4191.419921875,
            "count": 1300
        },
        "TetrisAgent.Step.mean": {
            "value": 1299818.0,
            "min": 768.0,
            "max": 1299818.0,
            "count": 1300
        },
        "TetrisAgent.Step.sum": {
            "value": 1299818.0,
            "min": 768.0,
            "max": 1299818.0,
            "count": 1300
        },
        "TetrisAgent.Policy.ExtrinsicValueEstimate.mean": {
            "value": -20.960201263427734,
            "min": -99.90483856201172,
            "max": -0.047263070940971375,
            "count": 1300
        },
        "TetrisAgent.Policy.ExtrinsicValueEstimate.sum": {
            "value": -188.64181518554688,
            "min": -484.86907958984375,
            "max": -0.19819700717926025,
            "count": 1300
        },
        "TetrisAgent.Policy.CuriosityValueEstimate.mean": {
            "value": 0.08227457851171494,
            "min": -0.20545940101146698,
            "max": 0.45727625489234924,
            "count": 1300
        },
        "TetrisAgent.Policy.CuriosityValueEstimate.sum": {
            "value": 0.7404711842536926,
            "min": -1.027297019958496,
            "max": 3.6923651695251465,
            "count": 1300
        },
        "TetrisAgent.IsTraining.mean": {
            "value": 1.0,
            "min": 1.0,
            "max": 1.0,
            "count": 1300
        },
        "TetrisAgent.IsTraining.sum": {
            "value": 1.0,
            "min": 1.0,
            "max": 1.0,
            "count": 1300
        },
        "TetrisAgent.Environment.EpisodeLength.mean": {
            "value": 115.71428571428571,
            "min": 15.0,
            "max": 2515.0,
            "count": 1194
        },
        "TetrisAgent.Environment.EpisodeLength.sum": {
            "value": 810.0,
            "min": 15.0,
            "max": 3122.0,
            "count": 1194
        },
        "TetrisAgent.Environment.CumulativeReward.mean": {
            "value": -78.79784178733826,
            "min": -2176.3569869995117,
            "max": -53.14391750759549,
            "count": 1251
        },
        "TetrisAgent.Environment.CumulativeReward.sum": {
            "value": -630.382734298706,
            "min": -2424.494375705719,
            "max": -144.2905502319336,
            "count": 1251
        },
        "TetrisAgent.Policy.ExtrinsicReward.mean": {
            "value": -78.79784178733826,
            "min": -2176.3569869995117,
            "max": -53.14391750759549,
            "count": 1251
        },
        "TetrisAgent.Policy.ExtrinsicReward.sum": {
            "value": -630.382734298706,
            "min": -2424.494375705719,
            "max": -144.2905502319336,
            "count": 1251
        },
        "TetrisAgent.Policy.CuriosityReward.mean": {
            "value": 0.28481495729647577,
            "min": 0.0,
            "max": 30.650908589363098,
            "count": 1251
        },
        "TetrisAgent.Policy.CuriosityReward.sum": {
            "value": 2.278519658371806,
            "min": 0.0,
            "max": 30.650908589363098,
            "count": 1251
        },
        "TetrisAgent.Losses.PolicyLoss.mean": {
            "value": 0.07088796557703365,
            "min": 0.06239077287415663,
            "max": 0.07775541654416195,
            "count": 125
        },
        "TetrisAgent.Losses.PolicyLoss.sum": {
            "value": 0.07088796557703365,
            "min": 0.06239077287415663,
            "max": 0.07775541654416195,
            "count": 125
        },
        "TetrisAgent.Losses.ValueLoss.mean": {
            "value": 13.19828093846639,
            "min": 10.532877847490978,
            "max": 80.07278216326678,
            "count": 125
        },
        "TetrisAgent.Losses.ValueLoss.sum": {
            "value": 13.19828093846639,
            "min": 10.532877847490978,
            "max": 80.07278216326678,
            "count": 125
        },
        "TetrisAgent.Policy.LearningRate.mean": {
            "value": 0.0002611813029395701,
            "min": 0.0002611813029395701,
            "max": 0.00029968872010375993,
            "count": 125
        },
        "TetrisAgent.Policy.LearningRate.sum": {
            "value": 0.0002611813029395701,
            "min": 0.0002611813029395701,
            "max": 0.00029968872010375993,
            "count": 125
        },
        "TetrisAgent.Policy.Epsilon.mean": {
            "value": 0.27412086,
            "min": 0.27412086,
            "max": 0.29979248,
            "count": 125
        },
        "TetrisAgent.Policy.Epsilon.sum": {
            "value": 0.27412086,
            "min": 0.27412086,
            "max": 0.29979248,
            "count": 125
        },
        "TetrisAgent.Policy.Beta.mean": {
            "value": 0.008707336957000001,
            "min": 0.008707336957000001,
            "max": 0.009989634376000001,
            "count": 125
        },
        "TetrisAgent.Policy.Beta.sum": {
            "value": 0.008707336957000001,
            "min": 0.008707336957000001,
            "max": 0.009989634376000001,
            "count": 125
        },
        "TetrisAgent.Losses.CuriosityForwardLoss.mean": {
            "value": 0.012149934874226649,
            "min": 0.008370128793952365,
            "max": 0.04111102632526691,
            "count": 125
        },
        "TetrisAgent.Losses.CuriosityForwardLoss.sum": {
            "value": 0.012149934874226649,
            "min": 0.008370128793952365,
            "max": 0.04111102632526691,
            "count": 125
        },
        "TetrisAgent.Losses.CuriosityInverseLoss.mean": {
            "value": 0.450261741441985,
            "min": 0.2966808307915926,
            "max": 1.94402892206922,
            "count": 125
        },
        "TetrisAgent.Losses.CuriosityInverseLoss.sum": {
            "value": 0.450261741441985,
            "min": 0.2966808307915926,
            "max": 1.94402892206922,
            "count": 125
        }
    },
    "metadata": {
        "timer_format_version": "0.1.0",
        "start_time_seconds": "1748536843",
        "python_version": "3.10.8 | packaged by conda-forge | (main, Nov 24 2022, 14:07:00) [MSC v.1916 64 bit (AMD64)]",
        "command_line_arguments": "C:\\Users\\prash\\anaconda3\\envs\\tetris-gpu\\Scripts\\mlagents-learn Assets/ML-Agents/Config/tetris_ml_config.yaml --run-id=your_training_run5 --force --torch-device=cuda --env D:/Edu/CMS/Sem_2/IMLD_Team_project/tetris-multi/build/tetris-multi.exe --no-graphics",
        "mlagents_version": "1.1.0",
        "mlagents_envs_version": "1.1.0",
        "communication_protocol_version": "1.5.0",
        "pytorch_version": "2.7.0+cu118",
        "numpy_version": "1.23.5",
        "end_time_seconds": "1748556504"
    },
    "total": 19665.678797200002,
    "count": 1,
    "self": 2.1520780000137165,
    "children": {
        "run_training.setup": {
            "total": 0.3012713000061922,
            "count": 1,
            "self": 0.3012713000061922
        },
        "TrainerController.start_learning": {
            "total": 19663.225447899982,
            "count": 1,
            "self": 65.75144740813994,
            "children": {
                "TrainerController._reset_env": {
                    "total": 18.935669700003928,
                    "count": 1,
                    "self": 18.935669700003928
                },
                "TrainerController.advance": {
                    "total": 19578.01626179187,
                    "count": 1300667,
                    "self": 31.66343920546933,