{
    "name": "root",
    "metadata": {
        "timer_format_version": "0.1.0",
        "start_time_seconds": "1748560201",
        "python_version": "3.9.21 (main, Dec 11 2024, 10:21:40) \n[Clang 14.0.6 ]",
        "command_line_arguments": "/opt/anaconda3/envs/ml-unity/bin/mlagents-learn ./Assets/ML-Agents/Config/tetris_ml_config.yaml --run-id=tetris_curriculum_v1 --force",
        "mlagents_version": "0.30.0",
        "mlagents_envs_version": "0.30.0",
        "communication_protocol_version": "1.5.0",
        "pytorch_version": "1.11.0",
        "numpy_version": "1.21.2",
        "end_time_seconds": "1748561194"
    },
    "total": 992.984747417,
    "count": 1,
    "self": 0.012167582999950355,
    "children": {
        "run_training.setup": {
            "total": 0.08999604200000011,
            "count": 1,
            "self": 0.08999604200000011
        },
        "TrainerController.start_learning": {
            "total": 992.882583792,
            "count": 1,
            "self": 4.526550029011332,
            "children": {
                "TrainerController._reset_env": {
                    "total": 12.362751917,
                    "count": 1,
                    "self": 12.362751917
                },
                "TrainerController.advance": {
                    "total": 975.6538995539887,
                    "count": 168184,
                    "self": 3.4866178989766468,
                    "children": {
                        "env_step": {
                            "total": 972.1672816550121,
                            "count": 168184,
                            "self": 823.5638865700075,
                            "children": {
                                "SubprocessEnvManager._take_step": {
                                    "total": 147.1249931580096,
                                    "count": 168184,
                                    "self": 5.058472387001444,
                                    "children": {
                                        "TorchPolicy.evaluate": {
                                            "total": 142.06652077100816,
                                            "count": 168184,
                                            "self": 142.06652077100816
                                        }
                                    }
                                },
                                "workers": {
                                    "total": 1.478401926995005,
                                    "count": 168183,
                                    "self": 0.0,
                                    "children": {
                                        "worker_root": {
                                            "total": 909.0065767159967,
                                            "count": 168183,
                                            "is_parallel": true,
                                            "self": 268.38866730400105,
                                            "children": {
                                                "steps_from_proto": {
                                                    "total": 0.0008704170000015665,
                                                    "count": 1,
                                                    "is_parallel": true,
                                                    "self": 0.0003681250000013847,
                                                    "children": {
                                                        "_process_rank_one_or_two_observation": {
                                                            "total": 0.0005022920000001818,
                                                            "count": 2,
                                                            "is_parallel": true,
                                                            "self": 0.0005022920000001818
                                                        }
                                                    }
                                                },
                                                "UnityEnvironment.step": {
                                                    "total": 640.6170389949957,
                                                    "count": 168183,
                                                    "is_parallel": true,
                                                    "self": 15.032538861019816,
                                                    "children": {
                                                        "UnityEnvironment._generate_step_input": {
                                                            "total": 15.900231919981742,
                                                            "count": 168183,
                                                            "is_parallel": true,
                                                            "self": 15.900231919981742
                                                        },
                                                        "communicator.exchange": {
                                                            "total": 576.3650220300071,
                                                            "count": 168183,
                                                            "is_parallel": true,
                                                            "self": 576.3650220300071
                                                        },
                                                        "steps_from_proto": {
                                                            "total": 33.31924618398708,
                                                            "count": 168183,
                                                            "is_parallel": true,
                                                            "self": 17.829268517962532,
                                                            "children": {
                                                                "_process_rank_one_or_two_observation": {
                                                                    "total": 15.48997766602455,
                                                                    "count": 336366,
                                                                    "is_parallel": true,
                                                                    "self": 15.48997766602455
                                                                }
                                                            }
                                                        }
                                                    }
                                                }
                                            }
                                        }
                                    }
                                }
                            }
                        }
                    }
                },
                "TrainerController._save_models": {
                    "total": 0.33938229199998204,
                    "count": 1,
                    "self": 0.002146751000054792,
                    "children": {
                        "RLTrainer._checkpoint": {
                            "total": 0.33723554099992725,
                            "count": 1,
                            "self": 0.33723554099992725
                        }
                    }
                }
            }
        }
    }
}