{"count":1,"self":27.979052799999998,"total":72.663459,"children":{"InitializeActuators":{"count":1,"self":0.00066199999999999994,"total":0.00066199999999999994,"children":null},"InitializeSensors":{"count":1,"self":0.000691,"total":0.000691,"children":null},"AgentSendState":{"count":13251,"self":0.145626,"total":1.4644659999999998,"children":{"CollectObservations":{"count":13251,"self":0.67139799999999994,"total":0.67139799999999994,"children":null},"WriteActionMask":{"count":13251,"self":0.030806999999999998,"total":0.030806999999999998,"children":null},"RequestDecision":{"count":13251,"self":0.10117699999999999,"total":0.61663499999999993,"children":{"AgentInfo.ToProto":{"count":13251,"self":0.094,"total":0.515458,"children":{"GenerateSensorData":{"count":13251,"self":0.421458,"total":0.421458,"children":null}}}}}}},"DecideAction":{"count":13251,"self":39.2821984,"total":39.282199,"children":null},"AgentAct":{"count":13251,"self":3.9343808,"total":3.9343809999999997,"children":null},"AgentInfo.ToProto":{"count":42,"self":0.00057299999999999994,"total":0.00199,"children":{"GenerateSensorData":{"count":42,"self":0.0014169999999999999,"total":0.0014169999999999999,"children":null}}}},"gauges":{"TetrisAgent.CumulativeReward":{"count":42,"max":1492.28687,"min":15.550045,"runningAverage":276.70575,"value":362.580566,"weightedAverage":477.5523}},"metadata":{"timer_format_version":"0.1.0","start_time_seconds":"1748790249","unity_version":"6000.0.47f1","command_line_arguments":"\/Applications\/Unity\/Hub\/Editor\/6000.0.47f1\/Unity.app\/Contents\/MacOS\/Unity -projectpath \/Users\/anandpatil\/Documents\/Projects\/tetris-multi -useHub -hubIPC -cloudEnvironment production","communication_protocol_version":"1.5.0","com.unity.ml-agents_version":"3.0.0","scene_name":"TrainingSingleAI","end_time_seconds":"1748790321"}}