{"count":1,"self":231.48479999999998,"total":1397.169571,"children":{"InitializeActuators":{"count":1,"self":0.00059499999999999993,"total":0.00059499999999999993,"children":null},"InitializeSensors":{"count":1,"self":0.00062,"total":0.00062,"children":null},"AgentSendState":{"count":383267,"self":4.598948,"total":141.29924,"children":{"CollectObservations":{"count":383267,"self":61.2138432,"total":61.213843,"children":null},"WriteActionMask":{"count":383267,"self":58.168089599999995,"total":58.168088999999995,"children":null},"RequestDecision":{"count":383266,"self":2.892738,"total":17.31836,"children":{"AgentInfo.ToProto":{"count":383266,"self":3.226736,"total":14.425621999999999,"children":{"GenerateSensorData":{"count":383266,"self":11.1988864,"total":11.198886,"children":null}}}}}}},"DecideAction":{"count":383266,"self":1021.2158463999999,"total":1021.2158099999999,"children":null},"AgentAct":{"count":383266,"self":3.1353039999999996,"total":3.1353039999999996,"children":null},"AgentInfo.ToProto":{"count":679,"self":0.0084599999999999988,"total":0.032563,"children":{"GenerateSensorData":{"count":679,"self":0.024103,"total":0.024103,"children":null}}}},"gauges":{"TetrisAgent.CumulativeReward":{"count":679,"max":3.69900012,"min":-28.9580021,"runningAverage":-4.62431145,"value":-2.181,"weightedAverage":-4.50665045}},"metadata":{"timer_format_version":"0.1.0","start_time_seconds":"1748987315","unity_version":"6000.0.47f1","command_line_arguments":"\/Applications\/Unity\/Hub\/Editor\/6000.0.47f1\/Unity.app\/Contents\/MacOS\/Unity -projectpath \/Users\/anandpatil\/Documents\/Projects\/tetris-multi -useHub -hubIPC -cloudEnvironment production","communication_protocol_version":"1.5.0","com.unity.ml-agents_version":"3.0.0","scene_name":"TrainingSingleAI","end_time_seconds":"1748988712"}}