{
    "name": "root",
    "gauges": {
        "TetrisAgent.Policy.Entropy.mean": {
            "value": 1.9348857402801514,
            "min": 1.9348857402801514,
            "max": 1.9458897113800049,
            "count": 13
        },
        "TetrisAgent.Policy.Entropy.sum": {
            "value": 18735.498046875,
            "min": 18735.498046875,
            "max": 20079.65234375,
            "count": 13
        },
        "TetrisAgent.Step.mean": {
            "value": 129679.0,
            "min": 9767.0,
            "max": 129679.0,
            "count": 13
        },
        "TetrisAgent.Step.sum": {
            "value": 129679.0,
            "min": 9767.0,
            "max": 129679.0,
            "count": 13
        },
        "TetrisAgent.Policy.ExtrinsicValueEstimate.mean": {
            "value": -23.762331008911133,
            "min": -23.762331008911133,
            "max": 0.046270951628685,
            "count": 13
        },
        "TetrisAgent.Policy.ExtrinsicValueEstimate.sum": {
            "value": -570.2959594726562,
            "min": -570.2959594726562,
            "max": 1.0179609060287476,
            "count": 13
        },
        "TetrisAgent.Policy.CuriosityValueEstimate.mean": {
            "value": -3.9975933759706095e-05,
            "min": -0.037342384457588196,
            "max": 0.012287963181734085,
            "count": 13
        },
        "TetrisAgent.Policy.CuriosityValueEstimate.sum": {
            "value": -0.0009594224393367767,
            "min": -0.8475903272628784,
            "max": 0.307199090719223,
            "count": 13
        },
        "TetrisAgent.Environment.EpisodeLength.mean": {
            "value": 967.3,
            "min": 934.0,
            "max": 1537.0,
            "count": 13
        },
        "TetrisAgent.Environment.EpisodeLength.sum": {
            "value": 9673.0,
            "min": 8392.0,
            "max": 11474.0,
            "count": 13
        },
        "TetrisAgent.Environment.CumulativeReward.mean": {
            "value": -728.7339972496032,
            "min": -1207.886651357015,
            "max": -686.03300075531,
            "count": 13
        },
        "TetrisAgent.Environment.CumulativeReward.sum": {
            "value": -7287.339972496033,
            "min": -8356.21989440918,
            "max": -6860.330007553101,
            "count": 13
        },
        "TetrisAgent.Policy.ExtrinsicReward.mean": {
            "value": -728.7339972496032,
            "min": -1207.886651357015,
            "max": -686.03300075531,
            "count": 13
        },
        "TetrisAgent.Policy.ExtrinsicReward.sum": {
            "value": -7287.339972496033,
            "min": -8356.21989440918,
            "max": -6860.330007553101,
            "count": 13
        },
        "TetrisAgent.Policy.CuriosityReward.mean": {
            "value": 5.033858282119036,
            "min": 0.0,
            "max": 5.033858282119036,
            "count": 13
        },
        "TetrisAgent.Policy.CuriosityReward.sum": {
            "value": 50.33858282119036,
            "min": 0.0,
            "max": 51.42686400935054,
            "count": 13
        },
        "TetrisAgent.IsTraining.mean": {
            "value": 1.0,
            "min": 1.0,
            "max": 1.0,
            "count": 13
        },
        "TetrisAgent.IsTraining.sum": {
            "value": 1.0,
            "min": 1.0,
            "max": 1.0,
            "count": 13
        },
        "TetrisAgent.Losses.PolicyLoss.mean": {
            "value": 0.050907776212654784,
            "min": 0.050907776212654784,
            "max": 0.050907776212654784,
            "count": 1
        },
        "TetrisAgent.Losses.PolicyLoss.sum": {
            "value": 0.050907776212654784,
            "min": 0.050907776212654784,
            "max": 0.050907776212654784,
            "count": 1
        },
        "TetrisAgent.Losses.ValueLoss.mean": {
            "value": 18.969631608489834,
            "min": 18.969631608489834,
            "max": 18.969631608489834,
            "count": 1
        },
        "TetrisAgent.Losses.ValueLoss.sum": {
            "value": 18.969631608489834,
            "min": 18.969631608489834,
            "max": 18.969631608489834,
            "count": 1
        },
        "TetrisAgent.Policy.LearningRate.mean": {
            "value": 0.00029699439100186985,
            "min": 0.00029699439100186985,
            "max": 0.00029699439100186985,
            "count": 1
        },
        "TetrisAgent.Policy.LearningRate.sum": {
            "value": 0.00029699439100186985,
            "min": 0.00029699439100186985,
            "max": 0.00029699439100186985,
            "count": 1
        },
        "TetrisAgent.Policy.Epsilon.mean": {
            "value": 0.29799626000000007,
            "min": 0.29799626000000007,
            "max": 0.29799626000000007,
            "count": 1
        },
        "TetrisAgent.Policy.Epsilon.sum": {
            "value": 0.29799626000000007,
            "min": 0.29799626000000007,
            "max": 0.29799626000000007,
            "count": 1
        },
        "TetrisAgent.Policy.Beta.mean": {
            "value": 0.009899913186999999,
            "min": 0.009899913186999999,
            "max": 0.009899913186999999,
            "count": 1
        },
        "TetrisAgent.Policy.Beta.sum": {
            "value": 0.009899913186999999,
            "min": 0.009899913186999999,
            "max": 0.009899913186999999,
            "count": 1
        },
        "TetrisAgent.Losses.CuriosityForwardLoss.mean": {
            "value": 0.028732663606438797,
            "min": 0.028732663606438797,
            "max": 0.028732663606438797,
            "count": 1
        },
        "TetrisAgent.Losses.CuriosityForwardLoss.sum": {
            "value": 0.028732663606438797,
            "min": 0.028732663606438797,
            "max": 0.028732663606438797,
            "count": 1
        },
        "TetrisAgent.Losses.CuriosityInverseLoss.mean": {
            "value": 1.9326122032711879,
            "min": 1.9326122032711879,
            "max": 1.9326122032711879,
            "count": 1
        },
        "TetrisAgent.Losses.CuriosityInverseLoss.sum": {
            "value": 1.9326122032711879,
            "min": 1.9326122032711879,
            "max": 1.9326122032711879,
            "count": 1
        }
    },
    "metadata": {
        "timer_format_version": "0.1.0",
        "start_time_seconds": "1747173750",
        "python_version": "3.9.21 (main, Dec 11 2024, 10:21:40) \n[Clang 14.0.6 ]",
        "command_line_arguments": "/opt/anaconda3/envs/ml-unity/bin/mlagents-learn Assets/ML-Agents/Config/tetris_ml_config.yaml --run-id=tetris_training --force",
        "mlagents_version": "0.30.0",
        "mlagents_envs_version": "0.30.0",
        "communication_protocol_version": "1.5.0",
        "pytorch_version": "1.11.0",
        "numpy_version": "1.21.2",
        "end_time_seconds": "1747174203"
    },
    "total": 453.310672541,
    "count": 1,
    "self": 0.004358082999999624,
    "children": {
        "run_training.setup": {
            "total": 0.011718875000000017,
            "count": 1,
            "self": 0.011718875000000017
        },
        "TrainerController.start_learning": {
            "total": 453.294595583,
            "count": 1,
            "self": 1.1256931799986774,
            "children": {
                "TrainerController._reset_env": {
                    "total": 7.228329375,
                    "count": 1,
                    "self": 7.228329375
                },
                "TrainerController.advance": {
                    "total": 444.6828814450013,
                    "count": 138636,
                    "self": 0.5034822270013137,
                    "children": {
                        "env_step": {
                            "total": 444.179399218,
                            "count": 138636,
                            "self": 385.8242338019865,