{
    "name": "root",
    "gauges": {
        "TetrisAgent.Policy.Entropy.mean": {
            "value": 1.9458783864974976,
            "min": 1.9458783864974976,
            "max": 1.9458783864974976,
            "count": 1
        },
        "TetrisAgent.Policy.Entropy.sum": {
            "value": 19484.080078125,
            "min": 19484.080078125,
            "max": 19484.080078125,
            "count": 1
        },
        "TetrisAgent.Step.mean": {
            "value": 9501.0,
            "min": 9501.0,
            "max": 9501.0,
            "count": 1
        },
        "TetrisAgent.Step.sum": {
            "value": 9501.0,
            "min": 9501.0,
            "max": 9501.0,
            "count": 1
        },
        "TetrisAgent.Policy.ExtrinsicValueEstimate.mean": {
            "value": 0.007687837816774845,
            "min": 0.007687837816774845,
            "max": 0.007687837816774845,
            "count": 1
        },
        "TetrisAgent.Policy.ExtrinsicValueEstimate.sum": {
            "value": 0.16144458949565887,
            "min": 0.16144458949565887,
            "max": 0.16144458949565887,
            "count": 1
        },
        "TetrisAgent.Policy.CuriosityValueEstimate.mean": {
            "value": 0.011450706981122494,
            "min": 0.011450706981122494,
            "max": 0.011450706981122494,
            "count": 1
        },
        "TetrisAgent.Policy.CuriosityValueEstimate.sum": {
            "value": 0.24046485126018524,
            "min": 0.24046485126018524,
            "max": 0.24046485126018524,
            "count": 1
        },
        "TetrisAgent.Environment.EpisodeLength.mean": {
            "value": 1356.2857142857142,
            "min": 1356.2857142857142,
            "max": 1356.2857142857142,
            "count": 1
        },
        "TetrisAgent.Environment.EpisodeLength.sum": {
            "value": 9494.0,
            "min": 9494.0,
            "max": 9494.0,
            "count": 1
        },
        "TetrisAgent.Environment.CumulativeReward.mean": {
            "value": -1174.4689957754952,
            "min": -1174.4689957754952,
            "max": -1174.4689957754952,
            "count": 1
        },
        "TetrisAgent.Environment.CumulativeReward.sum": {
            "value": -8221.282970428467,
            "min": -8221.282970428467,
            "max": -8221.282970428467,
            "count": 1
        },
        "TetrisAgent.Policy.ExtrinsicReward.mean": {
            "value": -1174.4689957754952,
            "min": -1174.4689957754952,
            "max": -1174.4689957754952,
            "count": 1
        },
        "TetrisAgent.Policy.ExtrinsicReward.sum": {
            "value": -8221.282970428467,
            "min": -8221.282970428467,
            "max": -8221.282970428467,
            "count": 1
        },
        "TetrisAgent.Policy.CuriosityReward.mean": {
            "value": 0.0,
            "min": 0.0,
            "max": 0.0,
            "count": 1
        },
        "TetrisAgent.Policy.CuriosityReward.sum": {
            "value": 0.0,
            "min": 0.0,
            "max": 0.0,
            "count": 1
        },
        "TetrisAgent.IsTraining.mean": {
            "value": 1.0,
            "min": 1.0,
            "max": 1.0,
            "count": 1
        },
        "TetrisAgent.IsTraining.sum": {
            "value": 1.0,
            "min": 1.0,
            "max": 1.0,
            "count": 1
        }
    },
    "metadata": {
        "timer_format_version": "0.1.0",
        "start_time_seconds": "1747331171",
        "python_version": "3.10.11 | packaged by Anaconda, Inc. | (main, May 16 2023, 00:55:32) [MSC v.1916 64 bit (AMD64)]",
        "command_line_arguments": "C:\\Users\\prash\\anaconda3\\envs\\tetris\\Scripts\\mlagents-learn Assets/ML-Agents/Config/tetris_ml_config.yaml --run-id=tetris_training --force",
        "mlagents_version": "1.1.0",
        "mlagents_envs_version": "1.1.0",
        "communication_protocol_version": "1.5.0",
        "pytorch_version": "2.7.0+cpu",
        "numpy_version": "1.23.5",
        "end_time_seconds": "1747331390"
    },
    "total": 219.21797680016607,
    "count": 1,
    "self": 0.028408500365912914,
    "children": {
        "run_training.setup": {
            "total": 0.2894629002548754,
            "count": 1,
            "self": 0.2894629002548754
        },
        "TrainerController.start_learning": {
            "total": 218.90010539954528,
            "count": 1,
            "self": 1.1251897271722555,
            "children": {
                "TrainerController._reset_env": {
                    "total": 22.665147200226784,
                    "count": 1,
                    "self": 22.665147200226784
                },
                "TrainerController.advance": {
                    "total": 193.9286888721399,
                    "count": 15767,
                    "self": 0.5255915611051023,
                    "children": {
                        "env_step": {
                            "total": 193.4030973110348,
                            "count": 15767,
                            "self": 112.04309584200382,
                            "children": {
                                "SubprocessEnvManager._take_step": {
                                    "total": 80.84383719600737,
                                    "count": 15767,
                                    "self": 2.1893067355267704,
                                    "children": {
                                        "TorchPolicy.evaluate": {
                                            "total": 78.6545304604806,
                                            "count": 15767,
                                            "self": 78.6545304604806
                                        }
                                    }
                                },
                                "workers": {
                                    "total": 0.5161642730236053,
                                    "count": 15766,
                                    "self": 0.0,
                                    "children": {
                                        "worker_root": {
                                            "total": 200.69091533031315,
                                            "count": 15766,
                                            "is_parallel": true,
                                            "self": 128.98469400312752,
                                            "children": {
                                                "steps_from_proto": {
                                                    "total": 0.0043947999365627766,
                                                    "count": 1,
                                                    "is_parallel": true,
                                                    "self": 0.0007790001109242439,
                                                    "children": {
                                                        "_process_rank_one_or_two_observation": {
                                                            "total": 0.0036157998256385326,
                                                            "count": 2,
                                                            "is_parallel": true,
                                                            "self": 0.0036157998256385326
                                                        }
                                                    }
                                                },
                                                "UnityEnvironment.step": {
                                                    "total": 71.70182652724907,
                                                    "count": 15766,
                                                    "is_parallel": true,
                                                    "self": 2.5429843394085765,