episode,score,lines_cleared,episode_length,episode_reward,score_ma_20,reward_ma_20
0,0,0,13,-3079.5922359499627,0.0,-3079.5922359499627
1,0,0,14,-2696.9776741499454,0.0,-2888.284955049954
